Mobility_Surrogate_Key,Accurate_Episode_Date,Province,Subregion,Retail_And_Recreation,Grocery_And_Pharmacy,Parks,Transit_Stations,Workplaces,Residential
0,2020-07-01,Ontario,Ottawa Division,-60.0,-57.0,194.0,-68.0,-79.0,19.0
1,2020-07-02,Ontario,Ottawa Division,-26.0,-1.0,22.0,-62.0,-62.0,19.0
2,2020-07-03,Ontario,Ottawa Division,-31.0,-4.0,84.0,-57.0,-58.0,17.0
3,2020-07-04,Ontario,Ottawa Division,-29.0,-10.0,157.0,-39.0,-3.0,3.0
4,2020-07-05,Ontario,Ottawa Division,-22.0,-5.0,177.0,-42.0,1.0,0.0
5,2020-07-06,Ontario,Ottawa Division,-22.0,-1.0,87.0,-59.0,-60.0,17.0
6,2020-07-07,Ontario,Ottawa Division,-26.0,-6.0,62.0,-60.0,-60.0,19.0
7,2020-07-08,Ontario,Ottawa Division,-25.0,-3.0,56.0,-59.0,-58.0,19.0
8,2020-07-09,Ontario,Ottawa Division,-25.0,-2.0,48.0,-60.0,-58.0,19.0
9,2020-07-10,Ontario,Ottawa Division,-32.0,-8.0,57.0,-59.0,-56.0,18.0
10,2020-07-11,Ontario,Ottawa Division,-29.0,-9.0,36.0,-44.0,-7.0,6.0
11,2020-07-12,Ontario,Ottawa Division,-21.0,-3.0,150.0,-44.0,1.0,2.0
12,2020-07-13,Ontario,Ottawa Division,-23.0,-4.0,75.0,-58.0,-59.0,17.0
13,2020-07-14,Ontario,Ottawa Division,-24.0,-5.0,78.0,-59.0,-59.0,18.0
14,2020-07-15,Ontario,Ottawa Division,-23.0,-4.0,78.0,-58.0,-57.0,17.0
15,2020-07-16,Ontario,Ottawa Division,-23.0,-1.0,43.0,-60.0,-58.0,19.0
16,2020-07-17,Ontario,Ottawa Division,-28.0,-5.0,92.0,-55.0,-55.0,16.0
17,2020-07-18,Ontario,Ottawa Division,-26.0,-8.0,164.0,-38.0,0.0,2.0
18,2020-07-19,Ontario,Ottawa Division,-22.0,-7.0,104.0,-46.0,-1.0,1.0
19,2020-07-20,Ontario,Ottawa Division,-20.0,-1.0,81.0,-59.0,-58.0,17.0
20,2020-07-21,Ontario,Ottawa Division,-22.0,-4.0,92.0,-59.0,-57.0,17.0
21,2020-07-22,Ontario,Ottawa Division,-25.0,-5.0,20.0,-61.0,-57.0,19.0
22,2020-07-23,Ontario,Ottawa Division,-20.0,-1.0,80.0,-58.0,-57.0,18.0
23,2020-07-24,Ontario,Ottawa Division,-28.0,-5.0,103.0,-56.0,-54.0,16.0
24,2020-07-25,Ontario,Ottawa Division,-25.0,-9.0,176.0,-39.0,-1.0,2.0
25,2020-07-26,Ontario,Ottawa Division,-19.0,-5.0,153.0,-44.0,1.0,0.0
26,2020-07-27,Ontario,Ottawa Division,-22.0,-3.0,39.0,-62.0,-60.0,18.0
27,2020-07-28,Ontario,Ottawa Division,-22.0,-2.0,88.0,-60.0,-58.0,17.0
28,2020-07-29,Ontario,Ottawa Division,-23.0,-4.0,30.0,-59.0,-58.0,18.0
29,2020-07-30,Ontario,Ottawa Division,-19.0,2.0,54.0,-57.0,-58.0,17.0
30,2020-07-31,Ontario,Ottawa Division,-25.0,0.0,107.0,-51.0,-56.0,14.0
31,2020-08-01,Ontario,Ottawa Division,-26.0,-9.0,181.0,-32.0,-2.0,0.0
32,2020-08-02,Ontario,Ottawa Division,-25.0,-11.0,2.0,-46.0,-7.0,3.0
33,2020-08-03,Ontario,Ottawa Division,-35.0,-24.0,137.0,-67.0,-77.0,17.0
34,2020-08-04,Ontario,Ottawa Division,-27.0,-8.0,-21.0,-62.0,-61.0,19.0
35,2020-08-05,Ontario,Ottawa Division,-20.0,1.0,59.0,-60.0,-58.0,17.0
36,2020-08-06,Ontario,Ottawa Division,-16.0,0.0,107.0,-59.0,-57.0,16.0
37,2020-08-07,Ontario,Ottawa Division,-26.0,-7.0,100.0,-57.0,-55.0,15.0
38,2020-08-08,Ontario,Ottawa Division,-23.0,-10.0,186.0,-38.0,0.0,1.0
39,2020-08-09,Ontario,Ottawa Division,-20.0,-6.0,83.0,-47.0,-1.0,1.0
40,2020-08-10,Ontario,Ottawa Division,-20.0,-6.0,55.0,-63.0,-59.0,17.0
41,2020-08-11,Ontario,Ottawa Division,-24.0,-8.0,33.0,-62.0,-58.0,18.0
42,2020-08-12,Ontario,Ottawa Division,-19.0,-3.0,89.0,-58.0,-57.0,16.0
43,2020-08-13,Ontario,Ottawa Division,-18.0,-3.0,91.0,-59.0,-57.0,16.0
44,2020-08-14,Ontario,Ottawa Division,-26.0,-6.0,104.0,-56.0,-55.0,15.0
45,2020-08-15,Ontario,Ottawa Division,-22.0,-9.0,212.0,-36.0,-1.0,0.0
46,2020-08-16,Ontario,Ottawa Division,-20.0,-10.0,94.0,-46.0,-1.0,0.0
47,2020-08-17,Ontario,Ottawa Division,-20.0,-7.0,40.0,-61.0,-60.0,17.0
48,2020-08-18,Ontario,Ottawa Division,-20.0,-6.0,63.0,-60.0,-57.0,17.0
49,2020-08-19,Ontario,Ottawa Division,-19.0,-4.0,76.0,-57.0,-56.0,16.0
50,2020-08-20,Ontario,Ottawa Division,-18.0,-2.0,38.0,-61.0,-57.0,16.0
51,2020-08-21,Ontario,Ottawa Division,-26.0,-6.0,72.0,-58.0,-54.0,15.0
52,2020-08-22,Ontario,Ottawa Division,-21.0,-9.0,92.0,-36.0,0.0,0.0
53,2020-08-23,Ontario,Ottawa Division,-16.0,-3.0,92.0,-44.0,2.0,0.0
54,2020-08-24,Ontario,Ottawa Division,-20.0,-5.0,49.0,-63.0,-59.0,16.0
55,2020-08-25,Ontario,Ottawa Division,-20.0,-5.0,59.0,-61.0,-57.0,16.0
56,2020-08-26,Ontario,Ottawa Division,-19.0,-3.0,69.0,-59.0,-56.0,15.0
57,2020-08-27,Ontario,Ottawa Division,-18.0,-4.0,18.0,-61.0,-57.0,17.0
58,2020-08-28,Ontario,Ottawa Division,-24.0,-7.0,91.0,-56.0,-53.0,14.0
59,2020-08-29,Ontario,Ottawa Division,-23.0,-8.0,15.0,-47.0,-8.0,5.0
60,2020-08-30,Ontario,Ottawa Division,-9.0,2.0,92.0,-40.0,4.0,-1.0
61,2020-08-31,Ontario,Ottawa Division,-14.0,-2.0,91.0,-59.0,-58.0,14.0
62,2020-09-01,Ontario,Ottawa Division,-18.0,-4.0,47.0,-59.0,-57.0,16.0
63,2020-09-02,Ontario,Ottawa Division,-22.0,-6.0,8.0,-62.0,-57.0,17.0
64,2020-09-03,Ontario,Ottawa Division,-13.0,2.0,77.0,-56.0,-56.0,15.0
65,2020-09-04,Ontario,Ottawa Division,-22.0,-5.0,61.0,-54.0,-53.0,14.0
66,2020-09-05,Ontario,Ottawa Division,-18.0,-5.0,92.0,-40.0,-4.0,1.0
67,2020-09-06,Ontario,Ottawa Division,-3.0,9.0,92.0,-39.0,4.0,-2.0
68,2020-09-07,Ontario,Ottawa Division,-57.0,-55.0,29.0,-77.0,-84.0,21.0
69,2020-09-08,Ontario,Ottawa Division,-17.0,6.0,13.0,-58.0,-58.0,16.0
70,2020-09-09,Ontario,Ottawa Division,-24.0,-7.0,2.0,-61.0,-57.0,18.0
71,2020-09-10,Ontario,Ottawa Division,-18.0,-1.0,21.0,-58.0,-56.0,17.0
72,2020-09-11,Ontario,Ottawa Division,-24.0,-9.0,78.0,-53.0,-52.0,15.0
73,2020-09-12,Ontario,Ottawa Division,-15.0,-3.0,175.0,-36.0,0.0,2.0
74,2020-09-13,Ontario,Ottawa Division,-17.0,-3.0,37.0,-46.0,-2.0,4.0
75,2020-09-14,Ontario,Ottawa Division,-19.0,-6.0,57.0,-59.0,-55.0,16.0
76,2020-09-15,Ontario,Ottawa Division,-21.0,-8.0,24.0,-59.0,-53.0,17.0
77,2020-09-16,Ontario,Ottawa Division,-22.0,-9.0,58.0,-59.0,-54.0,16.0
78,2020-09-17,Ontario,Ottawa Division,-19.0,-4.0,42.0,-58.0,-54.0,17.0
79,2020-09-18,Ontario,Ottawa Division,-26.0,-11.0,42.0,-56.0,-50.0,16.0
80,2020-09-19,Ontario,Ottawa Division,-18.0,-4.0,113.0,-42.0,-1.0,3.0
81,2020-09-20,Ontario,Ottawa Division,-13.0,1.0,131.0,-46.0,3.0,1.0
82,2020-09-21,Ontario,Ottawa Division,-22.0,-8.0,51.0,-61.0,-57.0,16.0
83,2020-09-22,Ontario,Ottawa Division,-25.0,-8.0,32.0,-60.0,-54.0,17.0
84,2020-09-23,Ontario,Ottawa Division,-26.0,-9.0,41.0,-62.0,-53.0,17.0
85,2020-09-24,Ontario,Ottawa Division,-25.0,-7.0,9.0,-62.0,-53.0,18.0
86,2020-09-25,Ontario,Ottawa Division,-29.0,-10.0,39.0,-58.0,-49.0,16.0
87,2020-09-26,Ontario,Ottawa Division,-21.0,-6.0,131.0,-46.0,0.0,3.0
88,2020-09-27,Ontario,Ottawa Division,-17.0,-1.0,117.0,-47.0,4.0,1.0
89,2020-09-28,Ontario,Ottawa Division,-25.0,-8.0,47.0,-63.0,-55.0,17.0
90,2020-09-29,Ontario,Ottawa Division,-28.0,-9.0,-6.0,-64.0,-54.0,18.0
91,2020-09-30,Ontario,Ottawa Division,-27.0,-6.0,-14.0,-65.0,-54.0,19.0
92,2020-10-01,Ontario,Ottawa Division,-23.0,-2.0,9.0,-61.0,-52.0,18.0
93,2020-10-02,Ontario,Ottawa Division,-33.0,-12.0,-8.0,-62.0,-49.0,19.0
94,2020-10-03,Ontario,Ottawa Division,-22.0,-3.0,78.0,-47.0,-3.0,5.0
95,2020-10-04,Ontario,Ottawa Division,-20.0,0.0,50.0,-53.0,-1.0,4.0
96,2020-10-05,Ontario,Ottawa Division,-27.0,-7.0,6.0,-65.0,-56.0,18.0
97,2020-10-06,Ontario,Ottawa Division,-28.0,-6.0,-4.0,-64.0,-53.0,18.0
98,2020-10-07,Ontario,Ottawa Division,-32.0,-9.0,-26.0,-68.0,-53.0,19.0
99,2020-10-08,Ontario,Ottawa Division,-24.0,3.0,5.0,-61.0,-52.0,18.0
100,2020-10-09,Ontario,Ottawa Division,-29.0,0.0,19.0,-57.0,-50.0,17.0
101,2020-10-10,Ontario,Ottawa Division,-29.0,1.0,89.0,-49.0,-4.0,6.0
102,2020-10-11,Ontario,Ottawa Division,-27.0,4.0,96.0,-51.0,0.0,3.0
103,2020-10-12,Ontario,Ottawa Division,-70.0,-62.0,42.0,-81.0,-84.0,24.0
104,2020-10-13,Ontario,Ottawa Division,-34.0,-7.0,-28.0,-65.0,-55.0,20.0
105,2020-10-14,Ontario,Ottawa Division,-31.0,-6.0,23.0,-63.0,-53.0,19.0
106,2020-10-15,Ontario,Ottawa Division,-33.0,-9.0,-25.0,-64.0,-54.0,21.0
107,2020-10-16,Ontario,Ottawa Division,-35.0,-8.0,-3.0,-61.0,-50.0,20.0
108,2020-10-17,Ontario,Ottawa Division,-25.0,-2.0,107.0,-46.0,-7.0,6.0
109,2020-10-18,Ontario,Ottawa Division,-25.0,-1.0,55.0,-52.0,-6.0,6.0
110,2020-10-19,Ontario,Ottawa Division,-34.0,-12.0,-19.0,-66.0,-57.0,20.0
111,2020-10-20,Ontario,Ottawa Division,-31.0,-7.0,0.0,-63.0,-54.0,19.0
112,2020-10-21,Ontario,Ottawa Division,-36.0,-13.0,-25.0,-67.0,-54.0,21.0
113,2020-10-22,Ontario,Ottawa Division,-30.0,-4.0,0.0,-61.0,-53.0,19.0
114,2020-10-23,Ontario,Ottawa Division,-30.0,-8.0,76.0,-56.0,-48.0,17.0
115,2020-10-24,Ontario,Ottawa Division,-27.0,-1.0,38.0,-49.0,-8.0,7.0
116,2020-10-25,Ontario,Ottawa Division,-23.0,1.0,60.0,-51.0,-4.0,5.0
117,2020-10-26,Ontario,Ottawa Division,-35.0,-13.0,-31.0,-66.0,-56.0,20.0
118,2020-10-27,Ontario,Ottawa Division,-31.0,-5.0,-15.0,-63.0,-53.0,19.0
119,2020-10-28,Ontario,Ottawa Division,-31.0,-6.0,-9.0,-63.0,-52.0,19.0
120,2020-10-29,Ontario,Ottawa Division,-28.0,-2.0,-21.0,-63.0,-52.0,19.0
121,2020-10-30,Ontario,Ottawa Division,-32.0,-3.0,-2.0,-59.0,-48.0,19.0
122,2020-10-31,Ontario,Ottawa Division,-26.0,3.0,51.0,-47.0,-6.0,6.0
123,2020-07-01,Ontario,Regional Municipality of Durham,-43.0,-42.0,237.0,-58.0,-73.0,19.0
124,2020-07-02,Ontario,Regional Municipality of Durham,-6.0,14.0,75.0,-49.0,-49.0,14.0
125,2020-07-03,Ontario,Regional Municipality of Durham,-14.0,3.0,78.0,-48.0,-50.0,14.0
126,2020-07-04,Ontario,Regional Municipality of Durham,-18.0,-3.0,166.0,-20.0,-7.0,4.0
127,2020-07-05,Ontario,Regional Municipality of Durham,-12.0,-11.0,152.0,-16.0,-6.0,1.0
128,2020-07-06,Ontario,Regional Municipality of Durham,-7.0,4.0,90.0,-50.0,-47.0,13.0
129,2020-07-07,Ontario,Regional Municipality of Durham,-8.0,4.0,81.0,-48.0,-47.0,14.0
130,2020-07-08,Ontario,Regional Municipality of Durham,-8.0,3.0,64.0,-51.0,-45.0,14.0
131,2020-07-09,Ontario,Regional Municipality of Durham,-8.0,9.0,72.0,-50.0,-45.0,14.0
132,2020-07-10,Ontario,Regional Municipality of Durham,-16.0,-4.0,58.0,-48.0,-45.0,13.0
133,2020-07-11,Ontario,Regional Municipality of Durham,-20.0,-4.0,59.0,-29.0,-7.0,6.0
134,2020-07-12,Ontario,Regional Municipality of Durham,-12.0,-11.0,124.0,-22.0,-5.0,2.0
135,2020-07-13,Ontario,Regional Municipality of Durham,-9.0,0.0,80.0,-50.0,-47.0,13.0
136,2020-07-14,Ontario,Regional Municipality of Durham,-8.0,2.0,89.0,-48.0,-46.0,13.0
137,2020-07-15,Ontario,Regional Municipality of Durham,-7.0,1.0,81.0,-50.0,-44.0,13.0
138,2020-07-16,Ontario,Regional Municipality of Durham,-12.0,6.0,24.0,-54.0,-46.0,15.0
139,2020-07-17,Ontario,Regional Municipality of Durham,-14.0,-1.0,88.0,-44.0,-44.0,12.0
140,2020-07-18,Ontario,Regional Municipality of Durham,-16.0,-5.0,178.0,-17.0,-5.0,2.0
141,2020-07-19,Ontario,Regional Municipality of Durham,-19.0,-15.0,75.0,-25.0,-10.0,3.0
142,2020-07-20,Ontario,Regional Municipality of Durham,-6.0,2.0,94.0,-48.0,-45.0,12.0
143,2020-07-21,Ontario,Regional Municipality of Durham,-8.0,1.0,84.0,-48.0,-45.0,13.0
144,2020-07-22,Ontario,Regional Municipality of Durham,-11.0,-2.0,25.0,-52.0,-45.0,14.0
145,2020-07-23,Ontario,Regional Municipality of Durham,-8.0,7.0,84.0,-50.0,-44.0,13.0
146,2020-07-24,Ontario,Regional Municipality of Durham,-12.0,0.0,89.0,-47.0,-43.0,12.0
147,2020-07-25,Ontario,Regional Municipality of Durham,-14.0,-4.0,182.0,-21.0,-3.0,2.0
148,2020-07-26,Ontario,Regional Municipality of Durham,-9.0,-9.0,161.0,-23.0,-5.0,0.0
149,2020-07-27,Ontario,Regional Municipality of Durham,-10.0,-1.0,58.0,-53.0,-48.0,13.0
150,2020-07-28,Ontario,Regional Municipality of Durham,-6.0,4.0,90.0,-50.0,-45.0,13.0
151,2020-07-29,Ontario,Regional Municipality of Durham,-5.0,5.0,69.0,-51.0,-45.0,13.0
152,2020-07-30,Ontario,Regional Municipality of Durham,-4.0,14.0,95.0,-49.0,-46.0,12.0
153,2020-07-31,Ontario,Regional Municipality of Durham,-8.0,8.0,99.0,-42.0,-46.0,10.0
154,2020-08-01,Ontario,Regional Municipality of Durham,-15.0,-2.0,189.0,-19.0,-6.0,0.0
155,2020-08-02,Ontario,Regional Municipality of Durham,-16.0,-8.0,36.0,-27.0,-13.0,3.0
156,2020-08-03,Ontario,Regional Municipality of Durham,-21.0,-21.0,131.0,-56.0,-75.0,18.0
157,2020-08-04,Ontario,Regional Municipality of Durham,-10.0,5.0,15.0,-50.0,-48.0,14.0
158,2020-08-05,Ontario,Regional Municipality of Durham,-2.0,6.0,91.0,-49.0,-45.0,12.0
159,2020-08-06,Ontario,Regional Municipality of Durham,-5.0,8.0,105.0,-47.0,-45.0,11.0
160,2020-08-07,Ontario,Regional Municipality of Durham,-12.0,0.0,86.0,-44.0,-44.0,11.0
161,2020-08-08,Ontario,Regional Municipality of Durham,-14.0,-2.0,200.0,-17.0,-5.0,1.0
162,2020-08-09,Ontario,Regional Municipality of Durham,-8.0,-8.0,151.0,-19.0,-7.0,0.0
163,2020-08-10,Ontario,Regional Municipality of Durham,-6.0,1.0,87.0,-50.0,-46.0,12.0
164,2020-08-11,Ontario,Regional Municipality of Durham,-7.0,3.0,69.0,-50.0,-45.0,12.0
165,2020-08-12,Ontario,Regional Municipality of Durham,-3.0,3.0,92.0,-50.0,-44.0,11.0
166,2020-08-13,Ontario,Regional Municipality of Durham,-5.0,9.0,94.0,-49.0,-44.0,11.0
167,2020-08-14,Ontario,Regional Municipality of Durham,-10.0,1.0,85.0,-45.0,-44.0,10.0
168,2020-08-15,Ontario,Regional Municipality of Durham,-12.0,-3.0,183.0,-21.0,-5.0,0.0
169,2020-08-16,Ontario,Regional Municipality of Durham,-9.0,-9.0,85.0,-21.0,-7.0,1.0
170,2020-08-17,Ontario,Regional Municipality of Durham,-10.0,-3.0,92.0,-53.0,-47.0,12.0
171,2020-08-18,Ontario,Regional Municipality of Durham,-6.0,2.0,92.0,-50.0,-44.0,12.0
172,2020-08-19,Ontario,Regional Municipality of Durham,-5.0,2.0,92.0,-50.0,-43.0,11.0
173,2020-08-20,Ontario,Regional Municipality of Durham,-3.0,10.0,92.0,-46.0,-43.0,11.0
174,2020-08-21,Ontario,Regional Municipality of Durham,-12.0,-2.0,92.0,-42.0,-43.0,10.0
175,2020-08-22,Ontario,Regional Municipality of Durham,-14.0,-2.0,92.0,-15.0,-5.0,1.0
176,2020-08-23,Ontario,Regional Municipality of Durham,-9.0,-7.0,92.0,-11.0,-5.0,-1.0
177,2020-08-24,Ontario,Regional Municipality of Durham,-6.0,1.0,92.0,-50.0,-45.0,11.0
178,2020-08-25,Ontario,Regional Municipality of Durham,-6.0,3.0,92.0,-49.0,-44.0,11.0
179,2020-08-26,Ontario,Regional Municipality of Durham,-6.0,2.0,92.0,-48.0,-42.0,11.0
180,2020-08-27,Ontario,Regional Municipality of Durham,-7.0,9.0,92.0,-47.0,-43.0,12.0
181,2020-08-28,Ontario,Regional Municipality of Durham,-12.0,1.0,92.0,-40.0,-41.0,10.0
182,2020-08-29,Ontario,Regional Municipality of Durham,-15.0,1.0,92.0,-12.0,-5.0,2.0
183,2020-08-30,Ontario,Regional Municipality of Durham,-5.0,-3.0,92.0,-7.0,-2.0,-1.0
184,2020-08-31,Ontario,Regional Municipality of Durham,-3.0,4.0,92.0,-44.0,-44.0,11.0
185,2020-09-01,Ontario,Regional Municipality of Durham,-4.0,5.0,92.0,-44.0,-44.0,11.0
186,2020-09-02,Ontario,Regional Municipality of Durham,-5.0,4.0,92.0,-52.0,-42.0,12.0
187,2020-09-03,Ontario,Regional Municipality of Durham,-4.0,6.0,92.0,-48.0,-43.0,10.0
188,2020-09-04,Ontario,Regional Municipality of Durham,-8.0,3.0,92.0,-42.0,-43.0,9.0
189,2020-09-05,Ontario,Regional Municipality of Durham,-14.0,0.0,92.0,-14.0,-7.0,0.0
190,2020-09-06,Ontario,Regional Municipality of Durham,-1.0,1.0,92.0,-13.0,-6.0,-2.0
191,2020-09-07,Ontario,Regional Municipality of Durham,-45.0,-44.0,92.0,-63.0,-81.0,20.0
192,2020-09-08,Ontario,Regional Municipality of Durham,-2.0,15.0,92.0,-48.0,-45.0,12.0
193,2020-09-09,Ontario,Regional Municipality of Durham,-6.0,2.0,92.0,-52.0,-41.0,12.0
194,2020-09-10,Ontario,Regional Municipality of Durham,-7.0,7.0,92.0,-50.0,-42.0,12.0
195,2020-09-11,Ontario,Regional Municipality of Durham,-11.0,-1.0,56.0,-45.0,-39.0,10.0
196,2020-09-12,Ontario,Regional Municipality of Durham,-9.0,3.0,144.0,-14.0,-1.0,2.0
197,2020-09-13,Ontario,Regional Municipality of Durham,-7.0,1.0,62.0,-18.0,-5.0,3.0
198,2020-09-14,Ontario,Regional Municipality of Durham,-7.0,2.0,67.0,-52.0,-39.0,11.0
199,2020-09-15,Ontario,Regional Municipality of Durham,-6.0,2.0,54.0,-51.0,-40.0,12.0
200,2020-09-16,Ontario,Regional Municipality of Durham,-8.0,-3.0,58.0,-51.0,-38.0,11.0
201,2020-09-17,Ontario,Regional Municipality of Durham,-10.0,1.0,62.0,-49.0,-39.0,11.0
202,2020-09-18,Ontario,Regional Municipality of Durham,-12.0,-4.0,38.0,-42.0,-37.0,10.0
203,2020-09-19,Ontario,Regional Municipality of Durham,-10.0,1.0,110.0,-16.0,-2.0,3.0
204,2020-09-20,Ontario,Regional Municipality of Durham,-5.0,0.0,101.0,-14.0,-3.0,2.0
205,2020-09-21,Ontario,Regional Municipality of Durham,-11.0,-2.0,55.0,-52.0,-40.0,12.0
206,2020-09-22,Ontario,Regional Municipality of Durham,-11.0,1.0,45.0,-51.0,-40.0,12.0
207,2020-09-23,Ontario,Regional Municipality of Durham,-10.0,1.0,49.0,-53.0,-36.0,12.0
208,2020-09-24,Ontario,Regional Municipality of Durham,-13.0,1.0,42.0,-52.0,-37.0,12.0
209,2020-09-25,Ontario,Regional Municipality of Durham,-15.0,-3.0,44.0,-47.0,-35.0,11.0
210,2020-09-26,Ontario,Regional Municipality of Durham,-11.0,2.0,131.0,-22.0,1.0,2.0
211,2020-09-27,Ontario,Regional Municipality of Durham,-6.0,-2.0,105.0,-20.0,-1.0,2.0
212,2020-09-28,Ontario,Regional Municipality of Durham,-13.0,0.0,52.0,-53.0,-37.0,12.0
213,2020-09-29,Ontario,Regional Municipality of Durham,-12.0,3.0,24.0,-51.0,-39.0,12.0
214,2020-09-30,Ontario,Regional Municipality of Durham,-13.0,-1.0,-9.0,-53.0,-37.0,13.0
215,2020-10-01,Ontario,Regional Municipality of Durham,-12.0,7.0,24.0,-52.0,-36.0,12.0
216,2020-10-02,Ontario,Regional Municipality of Durham,-17.0,-1.0,12.0,-50.0,-34.0,12.0
217,2020-10-03,Ontario,Regional Municipality of Durham,-13.0,2.0,94.0,-25.0,-2.0,4.0
218,2020-10-04,Ontario,Regional Municipality of Durham,-14.0,-2.0,-4.0,-28.0,-7.0,5.0
219,2020-10-05,Ontario,Regional Municipality of Durham,-14.0,1.0,36.0,-55.0,-37.0,12.0
220,2020-10-06,Ontario,Regional Municipality of Durham,-13.0,4.0,23.0,-54.0,-39.0,12.0
221,2020-10-07,Ontario,Regional Municipality of Durham,-14.0,3.0,-5.0,-58.0,-36.0,13.0
222,2020-10-08,Ontario,Regional Municipality of Durham,-11.0,13.0,20.0,-54.0,-36.0,12.0
223,2020-10-09,Ontario,Regional Municipality of Durham,-13.0,11.0,33.0,-47.0,-35.0,11.0
224,2020-10-10,Ontario,Regional Municipality of Durham,-16.0,9.0,94.0,-28.0,-3.0,4.0
225,2020-10-11,Ontario,Regional Municipality of Durham,-14.0,5.0,74.0,-31.0,-6.0,3.0
226,2020-10-12,Ontario,Regional Municipality of Durham,-58.0,-52.0,61.0,-75.0,-81.0,23.0
227,2020-10-13,Ontario,Regional Municipality of Durham,-13.0,5.0,35.0,-53.0,-39.0,12.0
228,2020-10-14,Ontario,Regional Municipality of Durham,-13.0,1.0,32.0,-57.0,-35.0,13.0
229,2020-10-15,Ontario,Regional Municipality of Durham,-18.0,-2.0,-29.0,-58.0,-37.0,15.0
230,2020-10-16,Ontario,Regional Municipality of Durham,-15.0,0.0,17.0,-51.0,-33.0,12.0
231,2020-10-17,Ontario,Regional Municipality of Durham,-11.0,4.0,101.0,-26.0,0.0,5.0
232,2020-10-18,Ontario,Regional Municipality of Durham,-13.0,-3.0,31.0,-31.0,-6.0,5.0
233,2020-10-19,Ontario,Regional Municipality of Durham,-18.0,-4.0,-14.0,-59.0,-37.0,14.0
234,2020-10-20,Ontario,Regional Municipality of Durham,-12.0,2.0,16.0,-55.0,-38.0,13.0
235,2020-10-21,Ontario,Regional Municipality of Durham,-13.0,0.0,-2.0,-59.0,-35.0,14.0
236,2020-10-22,Ontario,Regional Municipality of Durham,-14.0,4.0,5.0,-56.0,-35.0,14.0
237,2020-10-23,Ontario,Regional Municipality of Durham,-14.0,-3.0,49.0,-51.0,-32.0,12.0
238,2020-10-24,Ontario,Regional Municipality of Durham,-11.0,4.0,53.0,-31.0,-1.0,5.0
239,2020-10-25,Ontario,Regional Municipality of Durham,-8.0,-1.0,31.0,-30.0,-4.0,5.0
240,2020-10-26,Ontario,Regional Municipality of Durham,-14.0,0.0,-1.0,-59.0,-37.0,13.0
241,2020-10-27,Ontario,Regional Municipality of Durham,-16.0,-2.0,-23.0,-58.0,-37.0,14.0
242,2020-10-28,Ontario,Regional Municipality of Durham,-9.0,4.0,11.0,-57.0,-33.0,13.0
243,2020-10-29,Ontario,Regional Municipality of Durham,-12.0,5.0,-9.0,-55.0,-34.0,13.0
244,2020-10-30,Ontario,Regional Municipality of Durham,-12.0,3.0,-11.0,-51.0,-32.0,13.0
245,2020-10-31,Ontario,Regional Municipality of Durham,-10.0,11.0,45.0,-27.0,0.0,5.0
246,2020-07-01,Ontario,Regional Municipality of Halton,-48.0,-47.0,442.0,-72.0,-77.0,22.0
247,2020-07-02,Ontario,Regional Municipality of Halton,-17.0,4.0,143.0,-57.0,-55.0,18.0
248,2020-07-03,Ontario,Regional Municipality of Halton,-23.0,-2.0,162.0,-58.0,-56.0,17.0
249,2020-07-04,Ontario,Regional Municipality of Halton,-29.0,-6.0,259.0,-34.0,-5.0,5.0
250,2020-07-05,Ontario,Regional Municipality of Halton,-26.0,-13.0,202.0,-27.0,-4.0,2.0
251,2020-07-06,Ontario,Regional Municipality of Halton,-20.0,-1.0,159.0,-58.0,-54.0,17.0
252,2020-07-07,Ontario,Regional Municipality of Halton,-21.0,1.0,161.0,-59.0,-53.0,17.0
253,2020-07-08,Ontario,Regional Municipality of Halton,-19.0,1.0,124.0,-61.0,-53.0,18.0
254,2020-07-09,Ontario,Regional Municipality of Halton,-21.0,2.0,141.0,-60.0,-52.0,18.0
255,2020-07-10,Ontario,Regional Municipality of Halton,-25.0,-6.0,112.0,-58.0,-51.0,17.0
256,2020-07-11,Ontario,Regional Municipality of Halton,-28.0,-4.0,137.0,-39.0,-6.0,7.0
257,2020-07-12,Ontario,Regional Municipality of Halton,-21.0,-9.0,241.0,-30.0,-2.0,3.0
258,2020-07-13,Ontario,Regional Municipality of Halton,-19.0,-3.0,169.0,-60.0,-53.0,17.0
259,2020-07-14,Ontario,Regional Municipality of Halton,-19.0,0.0,194.0,-59.0,-52.0,17.0
260,2020-07-15,Ontario,Regional Municipality of Halton,-16.0,0.0,175.0,-62.0,-51.0,17.0
261,2020-07-16,Ontario,Regional Municipality of Halton,-21.0,1.0,69.0,-63.0,-51.0,19.0
262,2020-07-17,Ontario,Regional Municipality of Halton,-21.0,0.0,183.0,-57.0,-49.0,15.0
263,2020-07-18,Ontario,Regional Municipality of Halton,-26.0,-4.0,274.0,-34.0,-2.0,4.0
264,2020-07-19,Ontario,Regional Municipality of Halton,-30.0,-15.0,119.0,-35.0,-8.0,4.0
265,2020-07-20,Ontario,Regional Municipality of Halton,-16.0,2.0,190.0,-59.0,-51.0,16.0
266,2020-07-21,Ontario,Regional Municipality of Halton,-17.0,1.0,186.0,-60.0,-50.0,16.0
267,2020-07-22,Ontario,Regional Municipality of Halton,-20.0,-5.0,56.0,-63.0,-52.0,19.0
268,2020-07-23,Ontario,Regional Municipality of Halton,-16.0,3.0,182.0,-57.0,-49.0,16.0
269,2020-07-24,Ontario,Regional Municipality of Halton,-19.0,0.0,195.0,-56.0,-49.0,14.0
270,2020-07-25,Ontario,Regional Municipality of Halton,-22.0,-4.0,301.0,-31.0,-1.0,3.0
271,2020-07-26,Ontario,Regional Municipality of Halton,-20.0,-9.0,212.0,-30.0,-2.0,2.0
272,2020-07-27,Ontario,Regional Municipality of Halton,-17.0,-1.0,136.0,-62.0,-53.0,17.0
273,2020-07-28,Ontario,Regional Municipality of Halton,-16.0,1.0,189.0,-59.0,-51.0,16.0
274,2020-07-29,Ontario,Regional Municipality of Halton,-11.0,3.0,168.0,-59.0,-52.0,17.0
275,2020-07-30,Ontario,Regional Municipality of Halton,-11.0,6.0,183.0,-55.0,-51.0,15.0
276,2020-07-31,Ontario,Regional Municipality of Halton,-15.0,3.0,213.0,-51.0,-52.0,13.0
277,2020-08-01,Ontario,Regional Municipality of Halton,-24.0,-6.0,281.0,-24.0,-5.0,2.0
278,2020-08-02,Ontario,Regional Municipality of Halton,-22.0,-9.0,79.0,-32.0,-11.0,4.0
279,2020-08-03,Ontario,Regional Municipality of Halton,-32.0,-27.0,248.0,-73.0,-80.0,21.0
280,2020-08-04,Ontario,Regional Municipality of Halton,-20.0,-2.0,46.0,-59.0,-52.0,17.0
281,2020-08-05,Ontario,Regional Municipality of Halton,-10.0,2.0,206.0,-59.0,-52.0,15.0
282,2020-08-06,Ontario,Regional Municipality of Halton,-14.0,2.0,213.0,-60.0,-51.0,15.0
283,2020-08-07,Ontario,Regional Municipality of Halton,-18.0,-4.0,192.0,-57.0,-50.0,14.0
284,2020-08-08,Ontario,Regional Municipality of Halton,-21.0,-6.0,308.0,-30.0,-3.0,2.0
285,2020-08-09,Ontario,Regional Municipality of Halton,-19.0,-12.0,224.0,-35.0,-3.0,1.0
286,2020-08-10,Ontario,Regional Municipality of Halton,-14.0,-3.0,171.0,-62.0,-52.0,15.0
287,2020-08-11,Ontario,Regional Municipality of Halton,-15.0,1.0,178.0,-60.0,-51.0,16.0
288,2020-08-12,Ontario,Regional Municipality of Halton,-11.0,1.0,195.0,-61.0,-51.0,16.0
289,2020-08-13,Ontario,Regional Municipality of Halton,-13.0,2.0,207.0,-60.0,-50.0,15.0
290,2020-08-14,Ontario,Regional Municipality of Halton,-16.0,-1.0,197.0,-56.0,-49.0,13.0
291,2020-08-15,Ontario,Regional Municipality of Halton,-20.0,-4.0,303.0,-30.0,-3.0,2.0
292,2020-08-16,Ontario,Regional Municipality of Halton,-20.0,-9.0,159.0,-34.0,-6.0,2.0
293,2020-08-17,Ontario,Regional Municipality of Halton,-17.0,-5.0,92.0,-63.0,-53.0,16.0
294,2020-08-18,Ontario,Regional Municipality of Halton,-14.0,1.0,92.0,-61.0,-50.0,15.0
295,2020-08-19,Ontario,Regional Municipality of Halton,-11.0,0.0,92.0,-60.0,-51.0,15.0
296,2020-08-20,Ontario,Regional Municipality of Halton,-11.0,2.0,92.0,-57.0,-50.0,14.0
297,2020-08-21,Ontario,Regional Municipality of Halton,-17.0,-4.0,92.0,-53.0,-49.0,13.0
298,2020-08-22,Ontario,Regional Municipality of Halton,-20.0,-3.0,92.0,-25.0,-2.0,2.0
299,2020-08-23,Ontario,Regional Municipality of Halton,-19.0,-10.0,92.0,-51.0,-3.0,0.0
300,2020-08-24,Ontario,Regional Municipality of Halton,-13.0,-2.0,92.0,-59.0,-52.0,15.0
301,2020-08-25,Ontario,Regional Municipality of Halton,-12.0,1.0,92.0,-57.0,-50.0,14.0
302,2020-08-26,Ontario,Regional Municipality of Halton,-12.0,-2.0,92.0,-58.0,-51.0,16.0
303,2020-08-27,Ontario,Regional Municipality of Halton,-13.0,2.0,92.0,-54.0,-49.0,15.0
304,2020-08-28,Ontario,Regional Municipality of Halton,-15.0,-1.0,92.0,-47.0,-48.0,14.0
305,2020-08-29,Ontario,Regional Municipality of Halton,-18.0,0.0,92.0,-17.0,-5.0,3.0
306,2020-08-30,Ontario,Regional Municipality of Halton,-14.0,-5.0,92.0,-51.0,-2.0,0.0
307,2020-08-31,Ontario,Regional Municipality of Halton,-11.0,3.0,92.0,-53.0,-50.0,14.0
308,2020-09-01,Ontario,Regional Municipality of Halton,-12.0,2.0,92.0,-51.0,-49.0,14.0
309,2020-09-02,Ontario,Regional Municipality of Halton,-11.0,0.0,92.0,-56.0,-50.0,15.0
310,2020-09-03,Ontario,Regional Municipality of Halton,-11.0,3.0,92.0,-52.0,-49.0,13.0
311,2020-09-04,Ontario,Regional Municipality of Halton,-13.0,3.0,92.0,-49.0,-49.0,12.0
312,2020-09-05,Ontario,Regional Municipality of Halton,-20.0,0.0,92.0,-22.0,-7.0,2.0
313,2020-09-06,Ontario,Regional Municipality of Halton,-7.0,2.0,92.0,-51.0,-4.0,-1.0
314,2020-09-07,Ontario,Regional Municipality of Halton,-51.0,-51.0,92.0,-64.0,-85.0,22.0
315,2020-09-08,Ontario,Regional Municipality of Halton,-13.0,12.0,92.0,-55.0,-50.0,15.0
316,2020-09-09,Ontario,Regional Municipality of Halton,-13.0,1.0,92.0,-55.0,-49.0,15.0
317,2020-09-10,Ontario,Regional Municipality of Halton,-13.0,1.0,92.0,-50.0,-48.0,15.0
318,2020-09-11,Ontario,Regional Municipality of Halton,-15.0,-1.0,137.0,-45.0,-45.0,13.0
319,2020-09-12,Ontario,Regional Municipality of Halton,-13.0,1.0,254.0,-12.0,0.0,3.0
320,2020-09-13,Ontario,Regional Municipality of Halton,-15.0,-4.0,129.0,-22.0,-5.0,3.0
321,2020-09-14,Ontario,Regional Municipality of Halton,-15.0,0.0,146.0,-52.0,-45.0,15.0
322,2020-09-15,Ontario,Regional Municipality of Halton,-16.0,-1.0,137.0,-53.0,-44.0,15.0
323,2020-09-16,Ontario,Regional Municipality of Halton,-14.0,-5.0,141.0,-51.0,-46.0,15.0
324,2020-09-17,Ontario,Regional Municipality of Halton,-14.0,-1.0,127.0,-52.0,-45.0,15.0
325,2020-09-18,Ontario,Regional Municipality of Halton,-16.0,-2.0,109.0,-48.0,-42.0,13.0
326,2020-09-19,Ontario,Regional Municipality of Halton,-15.0,2.0,217.0,-19.0,-1.0,4.0
327,2020-09-20,Ontario,Regional Municipality of Halton,-13.0,-1.0,174.0,-17.0,-2.0,3.0
328,2020-09-21,Ontario,Regional Municipality of Halton,-19.0,0.0,126.0,-57.0,-46.0,15.0
329,2020-09-22,Ontario,Regional Municipality of Halton,-19.0,0.0,136.0,-56.0,-45.0,15.0
330,2020-09-23,Ontario,Regional Municipality of Halton,-16.0,-2.0,137.0,-55.0,-45.0,15.0
331,2020-09-24,Ontario,Regional Municipality of Halton,-18.0,1.0,114.0,-55.0,-44.0,16.0
332,2020-09-25,Ontario,Regional Municipality of Halton,-19.0,1.0,134.0,-48.0,-41.0,13.0
333,2020-09-26,Ontario,Regional Municipality of Halton,-16.0,5.0,275.0,-24.0,2.0,3.0
334,2020-09-27,Ontario,Regional Municipality of Halton,-15.0,3.0,202.0,-21.0,0.0,2.0
335,2020-09-28,Ontario,Regional Municipality of Halton,-21.0,2.0,117.0,-56.0,-44.0,15.0
336,2020-09-29,Ontario,Regional Municipality of Halton,-20.0,4.0,98.0,-55.0,-43.0,15.0
337,2020-09-30,Ontario,Regional Municipality of Halton,-19.0,0.0,44.0,-56.0,-45.0,17.0
338,2020-10-01,Ontario,Regional Municipality of Halton,-18.0,4.0,76.0,-56.0,-42.0,16.0
339,2020-10-02,Ontario,Regional Municipality of Halton,-22.0,-1.0,38.0,-55.0,-41.0,16.0
340,2020-10-03,Ontario,Regional Municipality of Halton,-17.0,6.0,188.0,-27.0,-1.0,5.0
341,2020-10-04,Ontario,Regional Municipality of Halton,-24.0,0.0,-6.0,-32.0,-8.0,6.0
342,2020-10-05,Ontario,Regional Municipality of Halton,-21.0,4.0,113.0,-56.0,-43.0,15.0
343,2020-10-06,Ontario,Regional Municipality of Halton,-21.0,4.0,116.0,-55.0,-43.0,15.0
344,2020-10-07,Ontario,Regional Municipality of Halton,-19.0,4.0,63.0,-57.0,-44.0,17.0
345,2020-10-08,Ontario,Regional Municipality of Halton,-18.0,9.0,86.0,-55.0,-42.0,16.0
346,2020-10-09,Ontario,Regional Municipality of Halton,-18.0,13.0,123.0,-50.0,-41.0,14.0
347,2020-10-10,Ontario,Regional Municipality of Halton,-21.0,12.0,215.0,-29.0,-4.0,5.0
348,2020-10-11,Ontario,Regional Municipality of Halton,-22.0,9.0,126.0,-24.0,-6.0,3.0
349,2020-10-12,Ontario,Regional Municipality of Halton,-59.0,-54.0,259.0,-78.0,-85.0,25.0
350,2020-10-13,Ontario,Regional Municipality of Halton,-21.0,8.0,133.0,-55.0,-43.0,15.0
351,2020-10-14,Ontario,Regional Municipality of Halton,-16.0,4.0,107.0,-55.0,-44.0,17.0
352,2020-10-15,Ontario,Regional Municipality of Halton,-22.0,-2.0,-1.0,-58.0,-43.0,19.0
353,2020-10-16,Ontario,Regional Municipality of Halton,-18.0,3.0,97.0,-51.0,-40.0,16.0
354,2020-10-17,Ontario,Regional Municipality of Halton,-13.0,10.0,246.0,-23.0,-2.0,6.0
355,2020-10-18,Ontario,Regional Municipality of Halton,-18.0,0.0,82.0,-28.0,-8.0,6.0
356,2020-10-19,Ontario,Regional Municipality of Halton,-24.0,-1.0,12.0,-59.0,-43.0,18.0
357,2020-10-20,Ontario,Regional Municipality of Halton,-21.0,2.0,86.0,-55.0,-42.0,16.0
358,2020-10-21,Ontario,Regional Municipality of Halton,-19.0,0.0,53.0,-56.0,-44.0,18.0
359,2020-10-22,Ontario,Regional Municipality of Halton,-19.0,1.0,39.0,-55.0,-42.0,18.0
360,2020-10-23,Ontario,Regional Municipality of Halton,-18.0,-1.0,153.0,-50.0,-40.0,15.0
361,2020-10-24,Ontario,Regional Municipality of Halton,-14.0,7.0,139.0,-26.0,-2.0,7.0
362,2020-10-25,Ontario,Regional Municipality of Halton,-15.0,1.0,65.0,-25.0,-6.0,6.0
363,2020-10-26,Ontario,Regional Municipality of Halton,-22.0,2.0,42.0,-55.0,-42.0,17.0
364,2020-10-27,Ontario,Regional Municipality of Halton,-22.0,1.0,27.0,-56.0,-42.0,17.0
365,2020-10-28,Ontario,Regional Municipality of Halton,-15.0,4.0,74.0,-56.0,-43.0,17.0
366,2020-10-29,Ontario,Regional Municipality of Halton,-18.0,4.0,26.0,-56.0,-41.0,17.0
367,2020-10-30,Ontario,Regional Municipality of Halton,-18.0,4.0,16.0,-54.0,-40.0,16.0
368,2020-10-31,Ontario,Regional Municipality of Halton,-16.0,10.0,120.0,-24.0,-1.0,7.0
369,2020-07-01,Ontario,Regional Municipality of Peel,-48.0,-41.0,196.0,-69.0,-74.0,22.0
370,2020-07-02,Ontario,Regional Municipality of Peel,-18.0,9.0,79.0,-61.0,-49.0,16.0
371,2020-07-03,Ontario,Regional Municipality of Peel,-23.0,0.0,89.0,-62.0,-52.0,17.0
372,2020-07-04,Ontario,Regional Municipality of Peel,-28.0,-10.0,119.0,-58.0,-12.0,5.0
373,2020-07-05,Ontario,Regional Municipality of Peel,-26.0,-14.0,125.0,-61.0,-9.0,3.0
374,2020-07-06,Ontario,Regional Municipality of Peel,-21.0,-4.0,87.0,-62.0,-48.0,16.0
375,2020-07-07,Ontario,Regional Municipality of Peel,-22.0,-2.0,82.0,-60.0,-46.0,16.0
376,2020-07-08,Ontario,Regional Municipality of Peel,-21.0,-3.0,75.0,-62.0,-47.0,16.0
377,2020-07-09,Ontario,Regional Municipality of Peel,-20.0,0.0,75.0,-60.0,-46.0,16.0
378,2020-07-10,Ontario,Regional Municipality of Peel,-24.0,-7.0,61.0,-61.0,-45.0,16.0
379,2020-07-11,Ontario,Regional Municipality of Peel,-27.0,-8.0,66.0,-58.0,-8.0,7.0
380,2020-07-12,Ontario,Regional Municipality of Peel,-24.0,-11.0,144.0,-61.0,-7.0,3.0
381,2020-07-13,Ontario,Regional Municipality of Peel,-21.0,-6.0,88.0,-62.0,-46.0,16.0
382,2020-07-14,Ontario,Regional Municipality of Peel,-21.0,-2.0,99.0,-61.0,-46.0,15.0
383,2020-07-15,Ontario,Regional Municipality of Peel,-20.0,-2.0,105.0,-62.0,-46.0,15.0
384,2020-07-16,Ontario,Regional Municipality of Peel,-22.0,0.0,33.0,-62.0,-45.0,17.0
385,2020-07-17,Ontario,Regional Municipality of Peel,-22.0,-2.0,95.0,-61.0,-44.0,15.0
386,2020-07-18,Ontario,Regional Municipality of Peel,-26.0,-9.0,118.0,-56.0,-7.0,4.0
387,2020-07-19,Ontario,Regional Municipality of Peel,-29.0,-14.0,78.0,-63.0,-10.0,4.0
388,2020-07-20,Ontario,Regional Municipality of Peel,-20.0,0.0,106.0,-62.0,-45.0,15.0
389,2020-07-21,Ontario,Regional Municipality of Peel,-20.0,1.0,101.0,-61.0,-44.0,15.0
390,2020-07-22,Ontario,Regional Municipality of Peel,-23.0,-5.0,33.0,-63.0,-46.0,17.0
391,2020-07-23,Ontario,Regional Municipality of Peel,-19.0,4.0,101.0,-61.0,-44.0,15.0
392,2020-07-24,Ontario,Regional Municipality of Peel,-22.0,-3.0,97.0,-60.0,-43.0,14.0
393,2020-07-25,Ontario,Regional Municipality of Peel,-25.0,-8.0,131.0,-56.0,-7.0,4.0
394,2020-07-26,Ontario,Regional Municipality of Peel,-23.0,-10.0,128.0,-61.0,-7.0,2.0
395,2020-07-27,Ontario,Regional Municipality of Peel,-23.0,-3.0,71.0,-63.0,-47.0,16.0
396,2020-07-28,Ontario,Regional Municipality of Peel,-20.0,3.0,95.0,-60.0,-44.0,15.0
397,2020-07-29,Ontario,Regional Municipality of Peel,-18.0,3.0,93.0,-60.0,-46.0,15.0
398,2020-07-30,Ontario,Regional Municipality of Peel,-15.0,11.0,97.0,-57.0,-45.0,14.0
399,2020-07-31,Ontario,Regional Municipality of Peel,-17.0,3.0,109.0,-57.0,-46.0,13.0
400,2020-08-01,Ontario,Regional Municipality of Peel,-25.0,-8.0,123.0,-52.0,-11.0,2.0
401,2020-08-02,Ontario,Regional Municipality of Peel,-19.0,-4.0,55.0,-60.0,-15.0,3.0
402,2020-08-03,Ontario,Regional Municipality of Peel,-33.0,-20.0,85.0,-71.0,-77.0,22.0
403,2020-08-04,Ontario,Regional Municipality of Peel,-21.0,2.0,23.0,-60.0,-46.0,16.0
404,2020-08-05,Ontario,Regional Municipality of Peel,-14.0,5.0,115.0,-58.0,-46.0,14.0
405,2020-08-06,Ontario,Regional Municipality of Peel,-15.0,5.0,109.0,-58.0,-45.0,14.0
406,2020-08-07,Ontario,Regional Municipality of Peel,-20.0,-4.0,103.0,-57.0,-44.0,13.0
407,2020-08-08,Ontario,Regional Municipality of Peel,-22.0,-8.0,141.0,-51.0,-6.0,2.0
408,2020-08-09,Ontario,Regional Municipality of Peel,-20.0,-10.0,131.0,-56.0,-7.0,1.0
409,2020-08-10,Ontario,Regional Municipality of Peel,-17.0,-3.0,93.0,-60.0,-46.0,14.0
410,2020-08-11,Ontario,Regional Municipality of Peel,-18.0,3.0,92.0,-59.0,-44.0,14.0
411,2020-08-12,Ontario,Regional Municipality of Peel,-16.0,1.0,109.0,-58.0,-45.0,14.0
412,2020-08-13,Ontario,Regional Municipality of Peel,-16.0,3.0,103.0,-58.0,-44.0,14.0
413,2020-08-14,Ontario,Regional Municipality of Peel,-19.0,-4.0,101.0,-57.0,-44.0,13.0
414,2020-08-15,Ontario,Regional Municipality of Peel,-21.0,-8.0,139.0,-50.0,-8.0,1.0
415,2020-08-16,Ontario,Regional Municipality of Peel,-20.0,-8.0,104.0,-55.0,-8.0,2.0
416,2020-08-17,Ontario,Regional Municipality of Peel,-19.0,-5.0,67.0,-60.0,-46.0,14.0
417,2020-08-18,Ontario,Regional Municipality of Peel,-17.0,0.0,92.0,-58.0,-43.0,13.0
418,2020-08-19,Ontario,Regional Municipality of Peel,-16.0,-1.0,105.0,-58.0,-44.0,14.0
419,2020-08-20,Ontario,Regional Municipality of Peel,-14.0,2.0,101.0,-57.0,-43.0,13.0
420,2020-08-21,Ontario,Regional Municipality of Peel,-19.0,-5.0,89.0,-57.0,-43.0,13.0
421,2020-08-22,Ontario,Regional Municipality of Peel,-21.0,-10.0,126.0,-52.0,-6.0,1.0
422,2020-08-23,Ontario,Regional Municipality of Peel,-20.0,-11.0,111.0,-56.0,-6.0,0.0
423,2020-08-24,Ontario,Regional Municipality of Peel,-18.0,-6.0,87.0,-59.0,-45.0,14.0
424,2020-08-25,Ontario,Regional Municipality of Peel,-16.0,0.0,98.0,-57.0,-43.0,13.0
425,2020-08-26,Ontario,Regional Municipality of Peel,-17.0,-4.0,50.0,-59.0,-44.0,14.0
426,2020-08-27,Ontario,Regional Municipality of Peel,-14.0,2.0,84.0,-56.0,-43.0,13.0
427,2020-08-28,Ontario,Regional Municipality of Peel,-18.0,-6.0,71.0,-55.0,-43.0,13.0
428,2020-08-29,Ontario,Regional Municipality of Peel,-19.0,-5.0,100.0,-52.0,-5.0,2.0
429,2020-08-30,Ontario,Regional Municipality of Peel,-16.0,-8.0,139.0,-53.0,-6.0,0.0
430,2020-08-31,Ontario,Regional Municipality of Peel,-15.0,-2.0,96.0,-56.0,-45.0,13.0
431,2020-09-01,Ontario,Regional Municipality of Peel,-15.0,1.0,85.0,-55.0,-43.0,13.0
432,2020-09-02,Ontario,Regional Municipality of Peel,-15.0,-1.0,71.0,-57.0,-44.0,13.0
433,2020-09-03,Ontario,Regional Municipality of Peel,-13.0,2.0,88.0,-54.0,-43.0,12.0
434,2020-09-04,Ontario,Regional Municipality of Peel,-14.0,-1.0,81.0,-54.0,-44.0,12.0
435,2020-09-05,Ontario,Regional Municipality of Peel,-20.0,-6.0,90.0,-53.0,-10.0,1.0
436,2020-09-06,Ontario,Regional Municipality of Peel,-10.0,-3.0,140.0,-55.0,-12.0,-2.0
437,2020-09-07,Ontario,Regional Municipality of Peel,-43.0,-41.0,78.0,-71.0,-82.0,23.0
438,2020-09-08,Ontario,Regional Municipality of Peel,-13.0,9.0,32.0,-55.0,-45.0,13.0
439,2020-09-09,Ontario,Regional Municipality of Peel,-17.0,-2.0,45.0,-57.0,-44.0,13.0
440,2020-09-10,Ontario,Regional Municipality of Peel,-15.0,2.0,56.0,-56.0,-43.0,13.0
441,2020-09-11,Ontario,Regional Municipality of Peel,-17.0,-6.0,70.0,-55.0,-41.0,12.0
442,2020-09-12,Ontario,Regional Municipality of Peel,-16.0,-4.0,120.0,-49.0,-2.0,3.0
443,2020-09-13,Ontario,Regional Municipality of Peel,-16.0,-7.0,95.0,-55.0,-6.0,3.0
444,2020-09-14,Ontario,Regional Municipality of Peel,-18.0,-6.0,65.0,-57.0,-41.0,14.0
445,2020-09-15,Ontario,Regional Municipality of Peel,-17.0,-3.0,63.0,-56.0,-39.0,13.0
446,2020-09-16,Ontario,Regional Municipality of Peel,-17.0,-4.0,77.0,-57.0,-41.0,13.0
447,2020-09-17,Ontario,Regional Municipality of Peel,-16.0,-2.0,66.0,-55.0,-40.0,13.0
448,2020-09-18,Ontario,Regional Municipality of Peel,-18.0,-8.0,46.0,-55.0,-39.0,13.0
449,2020-09-19,Ontario,Regional Municipality of Peel,-17.0,-5.0,83.0,-52.0,-2.0,4.0
450,2020-09-20,Ontario,Regional Municipality of Peel,-16.0,-7.0,99.0,-56.0,-4.0,2.0
451,2020-09-21,Ontario,Regional Municipality of Peel,-20.0,-8.0,56.0,-58.0,-42.0,14.0
452,2020-09-22,Ontario,Regional Municipality of Peel,-20.0,-4.0,55.0,-57.0,-40.0,13.0
453,2020-09-23,Ontario,Regional Municipality of Peel,-20.0,-4.0,68.0,-59.0,-40.0,14.0
454,2020-09-24,Ontario,Regional Municipality of Peel,-19.0,-3.0,42.0,-58.0,-40.0,14.0
455,2020-09-25,Ontario,Regional Municipality of Peel,-20.0,-8.0,57.0,-57.0,-39.0,13.0
456,2020-09-26,Ontario,Regional Municipality of Peel,-18.0,-5.0,106.0,-53.0,1.0,3.0
457,2020-09-27,Ontario,Regional Municipality of Peel,-16.0,-7.0,110.0,-57.0,-3.0,2.0
458,2020-09-28,Ontario,Regional Municipality of Peel,-23.0,-8.0,43.0,-59.0,-41.0,14.0
459,2020-09-29,Ontario,Regional Municipality of Peel,-21.0,-3.0,35.0,-58.0,-39.0,14.0
460,2020-09-30,Ontario,Regional Municipality of Peel,-21.0,-5.0,9.0,-59.0,-40.0,14.0
461,2020-10-01,Ontario,Regional Municipality of Peel,-18.0,2.0,28.0,-57.0,-38.0,14.0
462,2020-10-02,Ontario,Regional Municipality of Peel,-21.0,-8.0,13.0,-57.0,-38.0,14.0
463,2020-10-03,Ontario,Regional Municipality of Peel,-19.0,-6.0,59.0,-53.0,-2.0,5.0
464,2020-10-04,Ontario,Regional Municipality of Peel,-22.0,-10.0,-14.0,-60.0,-8.0,5.0
465,2020-10-05,Ontario,Regional Municipality of Peel,-21.0,-6.0,34.0,-59.0,-41.0,14.0
466,2020-10-06,Ontario,Regional Municipality of Peel,-21.0,-2.0,39.0,-58.0,-39.0,14.0
467,2020-10-07,Ontario,Regional Municipality of Peel,-22.0,-5.0,14.0,-61.0,-40.0,15.0
468,2020-10-08,Ontario,Regional Municipality of Peel,-19.0,2.0,24.0,-57.0,-39.0,14.0
469,2020-10-09,Ontario,Regional Municipality of Peel,-18.0,3.0,46.0,-55.0,-39.0,13.0
470,2020-10-10,Ontario,Regional Municipality of Peel,-24.0,-1.0,70.0,-53.0,-5.0,5.0
471,2020-10-11,Ontario,Regional Municipality of Peel,-22.0,0.0,51.0,-60.0,-11.0,3.0
472,2020-10-12,Ontario,Regional Municipality of Peel,-57.0,-47.0,65.0,-74.0,-82.0,27.0
473,2020-10-13,Ontario,Regional Municipality of Peel,-24.0,1.0,46.0,-57.0,-40.0,14.0
474,2020-10-14,Ontario,Regional Municipality of Peel,-25.0,-5.0,35.0,-59.0,-40.0,15.0
475,2020-10-15,Ontario,Regional Municipality of Peel,-27.0,-8.0,-20.0,-60.0,-40.0,16.0
476,2020-10-16,Ontario,Regional Municipality of Peel,-24.0,-6.0,28.0,-57.0,-38.0,15.0
477,2020-10-17,Ontario,Regional Municipality of Peel,-23.0,-4.0,75.0,-53.0,-2.0,6.0
478,2020-10-18,Ontario,Regional Municipality of Peel,-26.0,-9.0,27.0,-59.0,-9.0,6.0
479,2020-10-19,Ontario,Regional Municipality of Peel,-28.0,-12.0,-12.0,-61.0,-42.0,16.0
480,2020-10-20,Ontario,Regional Municipality of Peel,-25.0,-3.0,15.0,-59.0,-39.0,15.0
481,2020-10-21,Ontario,Regional Municipality of Peel,-26.0,-6.0,11.0,-61.0,-40.0,16.0
482,2020-10-22,Ontario,Regional Municipality of Peel,-25.0,-3.0,4.0,-58.0,-39.0,16.0
483,2020-10-23,Ontario,Regional Municipality of Peel,-26.0,-9.0,60.0,-56.0,-38.0,15.0
484,2020-10-24,Ontario,Regional Municipality of Peel,-24.0,-4.0,30.0,-54.0,-3.0,7.0
485,2020-10-25,Ontario,Regional Municipality of Peel,-24.0,-8.0,20.0,-58.0,-9.0,5.0
486,2020-10-26,Ontario,Regional Municipality of Peel,-27.0,-10.0,2.0,-60.0,-41.0,16.0
487,2020-10-27,Ontario,Regional Municipality of Peel,-29.0,-9.0,-16.0,-60.0,-39.0,15.0
488,2020-10-28,Ontario,Regional Municipality of Peel,-24.0,-4.0,21.0,-58.0,-39.0,15.0
489,2020-10-29,Ontario,Regional Municipality of Peel,-24.0,-3.0,-10.0,-59.0,-39.0,15.0
490,2020-10-30,Ontario,Regional Municipality of Peel,-25.0,-7.0,-11.0,-57.0,-38.0,15.0
491,2020-10-31,Ontario,Regional Municipality of Peel,-22.0,-2.0,23.0,-52.0,-2.0,6.0
492,2020-07-01,Ontario,Regional Municipality of York,-42.0,-32.0,392.0,-61.0,-76.0,23.0
493,2020-07-02,Ontario,Regional Municipality of York,-18.0,8.0,171.0,-52.0,-53.0,19.0
494,2020-07-03,Ontario,Regional Municipality of York,-25.0,2.0,176.0,-51.0,-55.0,19.0
495,2020-07-04,Ontario,Regional Municipality of York,-32.0,-5.0,271.0,-29.0,-11.0,6.0
496,2020-07-05,Ontario,Regional Municipality of York,-31.0,-12.0,236.0,-33.0,-12.0,4.0
497,2020-07-06,Ontario,Regional Municipality of York,-19.0,-1.0,195.0,-51.0,-52.0,18.0
498,2020-07-07,Ontario,Regional Municipality of York,-23.0,1.0,167.0,-52.0,-51.0,19.0
499,2020-07-08,Ontario,Regional Municipality of York,-20.0,0.0,173.0,-52.0,-52.0,19.0
500,2020-07-09,Ontario,Regional Municipality of York,-21.0,6.0,158.0,-51.0,-51.0,19.0
501,2020-07-10,Ontario,Regional Municipality of York,-26.0,-3.0,139.0,-49.0,-49.0,18.0
502,2020-07-11,Ontario,Regional Municipality of York,-30.0,-4.0,111.0,-33.0,-9.0,9.0
503,2020-07-12,Ontario,Regional Municipality of York,-28.0,-8.0,253.0,-31.0,-9.0,4.0
504,2020-07-13,Ontario,Regional Municipality of York,-19.0,-1.0,211.0,-51.0,-51.0,18.0
505,2020-07-14,Ontario,Regional Municipality of York,-21.0,-1.0,204.0,-51.0,-50.0,18.0
506,2020-07-15,Ontario,Regional Municipality of York,-18.0,-1.0,205.0,-52.0,-50.0,18.0
507,2020-07-16,Ontario,Regional Municipality of York,-22.0,4.0,98.0,-54.0,-50.0,20.0
508,2020-07-17,Ontario,Regional Municipality of York,-23.0,0.0,189.0,-49.0,-48.0,17.0
509,2020-07-18,Ontario,Regional Municipality of York,-29.0,-3.0,280.0,-28.0,-7.0,5.0
510,2020-07-19,Ontario,Regional Municipality of York,-34.0,-15.0,144.0,-40.0,-13.0,6.0
511,2020-07-20,Ontario,Regional Municipality of York,-17.0,1.0,221.0,-51.0,-49.0,17.0
512,2020-07-21,Ontario,Regional Municipality of York,-21.0,1.0,204.0,-52.0,-49.0,18.0
513,2020-07-22,Ontario,Regional Municipality of York,-21.0,-3.0,105.0,-55.0,-50.0,20.0
514,2020-07-23,Ontario,Regional Municipality of York,-18.0,6.0,211.0,-51.0,-49.0,17.0
515,2020-07-24,Ontario,Regional Municipality of York,-22.0,0.0,198.0,-49.0,-47.0,16.0
516,2020-07-25,Ontario,Regional Municipality of York,-26.0,-3.0,311.0,-25.0,-6.0,4.0
517,2020-07-26,Ontario,Regional Municipality of York,-26.0,-8.0,250.0,-34.0,-9.0,3.0
518,2020-07-27,Ontario,Regional Municipality of York,-17.0,-2.0,164.0,-53.0,-51.0,18.0
519,2020-07-28,Ontario,Regional Municipality of York,-18.0,3.0,214.0,-51.0,-49.0,17.0
520,2020-07-29,Ontario,Regional Municipality of York,-14.0,1.0,206.0,-53.0,-51.0,18.0
521,2020-07-30,Ontario,Regional Municipality of York,-14.0,10.0,226.0,-49.0,-50.0,17.0
522,2020-07-31,Ontario,Regional Municipality of York,-18.0,5.0,212.0,-47.0,-49.0,15.0
523,2020-08-01,Ontario,Regional Municipality of York,-27.0,-4.0,321.0,-29.0,-12.0,2.0
524,2020-08-02,Ontario,Regional Municipality of York,-27.0,-11.0,65.0,-49.0,-16.0,6.0
525,2020-08-03,Ontario,Regional Municipality of York,-31.0,-23.0,220.0,-68.0,-79.0,22.0
526,2020-08-04,Ontario,Regional Municipality of York,-19.0,1.0,76.0,-55.0,-51.0,18.0
527,2020-08-05,Ontario,Regional Municipality of York,-12.0,4.0,255.0,-51.0,-50.0,17.0
528,2020-08-06,Ontario,Regional Municipality of York,-13.0,6.0,251.0,-51.0,-49.0,16.0
529,2020-08-07,Ontario,Regional Municipality of York,-20.0,-3.0,215.0,-49.0,-47.0,15.0
530,2020-08-08,Ontario,Regional Municipality of York,-23.0,-5.0,349.0,-26.0,-6.0,3.0
531,2020-08-09,Ontario,Regional Municipality of York,-23.0,-10.0,261.0,-34.0,-9.0,2.0
532,2020-08-10,Ontario,Regional Municipality of York,-13.0,-3.0,217.0,-53.0,-50.0,16.0
533,2020-08-11,Ontario,Regional Municipality of York,-16.0,1.0,208.0,-53.0,-49.0,17.0
534,2020-08-12,Ontario,Regional Municipality of York,-12.0,0.0,248.0,-51.0,-50.0,16.0
535,2020-08-13,Ontario,Regional Municipality of York,-14.0,4.0,235.0,-51.0,-49.0,16.0
536,2020-08-14,Ontario,Regional Municipality of York,-19.0,0.0,214.0,-47.0,-47.0,15.0
537,2020-08-15,Ontario,Regional Municipality of York,-23.0,-3.0,315.0,-25.0,-6.0,2.0
538,2020-08-16,Ontario,Regional Municipality of York,-23.0,-7.0,166.0,-37.0,-11.0,3.0
539,2020-08-17,Ontario,Regional Municipality of York,-15.0,-4.0,92.0,-52.0,-50.0,16.0
540,2020-08-18,Ontario,Regional Municipality of York,-15.0,2.0,92.0,-52.0,-48.0,16.0
541,2020-08-19,Ontario,Regional Municipality of York,-13.0,0.0,92.0,-51.0,-50.0,16.0
542,2020-08-20,Ontario,Regional Municipality of York,-13.0,6.0,92.0,-49.0,-49.0,15.0
543,2020-08-21,Ontario,Regional Municipality of York,-18.0,0.0,92.0,-47.0,-47.0,15.0
544,2020-08-22,Ontario,Regional Municipality of York,-22.0,-4.0,92.0,-25.0,-6.0,3.0
545,2020-08-23,Ontario,Regional Municipality of York,-22.0,-7.0,92.0,-30.0,-8.0,2.0
546,2020-08-24,Ontario,Regional Municipality of York,-12.0,-1.0,92.0,-51.0,-49.0,15.0
547,2020-08-25,Ontario,Regional Municipality of York,-14.0,4.0,92.0,-50.0,-49.0,15.0
548,2020-08-26,Ontario,Regional Municipality of York,-13.0,-1.0,92.0,-51.0,-49.0,16.0
549,2020-08-27,Ontario,Regional Municipality of York,-13.0,6.0,92.0,-50.0,-48.0,16.0
550,2020-08-28,Ontario,Regional Municipality of York,-18.0,2.0,92.0,-48.0,-46.0,15.0
551,2020-08-29,Ontario,Regional Municipality of York,-20.0,3.0,92.0,-26.0,-7.0,4.0
552,2020-08-30,Ontario,Regional Municipality of York,-18.0,-3.0,92.0,-25.0,-6.0,1.0
553,2020-08-31,Ontario,Regional Municipality of York,-11.0,2.0,92.0,-50.0,-49.0,14.0
554,2020-09-01,Ontario,Regional Municipality of York,-14.0,4.0,92.0,-49.0,-49.0,15.0
555,2020-09-02,Ontario,Regional Municipality of York,-11.0,4.0,92.0,-52.0,-50.0,16.0
556,2020-09-03,Ontario,Regional Municipality of York,-11.0,7.0,92.0,-49.0,-48.0,15.0
557,2020-09-04,Ontario,Regional Municipality of York,-13.0,6.0,92.0,-45.0,-47.0,13.0
558,2020-09-05,Ontario,Regional Municipality of York,-20.0,0.0,92.0,-24.0,-11.0,2.0
559,2020-09-06,Ontario,Regional Municipality of York,-14.0,-1.0,92.0,-30.0,-9.0,0.0
560,2020-09-07,Ontario,Regional Municipality of York,-30.0,-21.0,92.0,-69.0,-83.0,23.0
561,2020-09-08,Ontario,Regional Municipality of York,-14.0,9.0,92.0,-52.0,-50.0,16.0
562,2020-09-09,Ontario,Regional Municipality of York,-13.0,4.0,92.0,-53.0,-49.0,16.0
563,2020-09-10,Ontario,Regional Municipality of York,-13.0,5.0,92.0,-50.0,-48.0,16.0
564,2020-09-11,Ontario,Regional Municipality of York,-16.0,2.0,163.0,-46.0,-45.0,15.0
565,2020-09-12,Ontario,Regional Municipality of York,-16.0,3.0,281.0,-21.0,-3.0,4.0
566,2020-09-13,Ontario,Regional Municipality of York,-18.0,-1.0,194.0,-31.0,-4.0,5.0
567,2020-09-14,Ontario,Regional Municipality of York,-13.0,1.0,178.0,-52.0,-45.0,15.0
568,2020-09-15,Ontario,Regional Municipality of York,-15.0,3.0,151.0,-51.0,-45.0,16.0
569,2020-09-16,Ontario,Regional Municipality of York,-14.0,0.0,175.0,-49.0,-46.0,16.0
570,2020-09-17,Ontario,Regional Municipality of York,-16.0,5.0,157.0,-50.0,-45.0,16.0
571,2020-09-18,Ontario,Regional Municipality of York,-18.0,1.0,119.0,-48.0,-43.0,15.0
572,2020-09-19,Ontario,Regional Municipality of York,-18.0,4.0,230.0,-27.0,-3.0,5.0
573,2020-09-20,Ontario,Regional Municipality of York,-18.0,-1.0,242.0,-31.0,-3.0,4.0
574,2020-09-21,Ontario,Regional Municipality of York,-16.0,0.0,169.0,-51.0,-46.0,16.0
575,2020-09-22,Ontario,Regional Municipality of York,-19.0,3.0,153.0,-51.0,-46.0,16.0
576,2020-09-23,Ontario,Regional Municipality of York,-17.0,3.0,159.0,-51.0,-45.0,16.0
577,2020-09-24,Ontario,Regional Municipality of York,-19.0,4.0,126.0,-52.0,-44.0,16.0
578,2020-09-25,Ontario,Regional Municipality of York,-20.0,2.0,139.0,-49.0,-41.0,15.0
579,2020-09-26,Ontario,Regional Municipality of York,-19.0,5.0,268.0,-27.0,0.0,4.0
580,2020-09-27,Ontario,Regional Municipality of York,-19.0,1.0,239.0,-34.0,-1.0,3.0
581,2020-09-28,Ontario,Regional Municipality of York,-21.0,-1.0,157.0,-54.0,-46.0,16.0
582,2020-09-29,Ontario,Regional Municipality of York,-20.0,6.0,107.0,-53.0,-44.0,16.0
583,2020-09-30,Ontario,Regional Municipality of York,-19.0,3.0,45.0,-56.0,-45.0,17.0
584,2020-10-01,Ontario,Regional Municipality of York,-17.0,11.0,110.0,-53.0,-42.0,16.0
585,2020-10-02,Ontario,Regional Municipality of York,-22.0,1.0,83.0,-50.0,-41.0,17.0
586,2020-10-03,Ontario,Regional Municipality of York,-21.0,2.0,211.0,-30.0,-3.0,6.0
587,2020-10-04,Ontario,Regional Municipality of York,-26.0,-4.0,24.0,-45.0,-9.0,7.0
588,2020-10-05,Ontario,Regional Municipality of York,-19.0,0.0,141.0,-53.0,-44.0,16.0
589,2020-10-06,Ontario,Regional Municipality of York,-21.0,5.0,115.0,-54.0,-45.0,17.0
590,2020-10-07,Ontario,Regional Municipality of York,-20.0,2.0,59.0,-57.0,-45.0,18.0
591,2020-10-08,Ontario,Regional Municipality of York,-19.0,9.0,85.0,-54.0,-43.0,17.0
592,2020-10-09,Ontario,Regional Municipality of York,-19.0,13.0,122.0,-50.0,-42.0,15.0
593,2020-10-10,Ontario,Regional Municipality of York,-23.0,9.0,213.0,-33.0,-5.0,6.0
594,2020-10-11,Ontario,Regional Municipality of York,-23.0,6.0,204.0,-40.0,-7.0,4.0
595,2020-10-12,Ontario,Regional Municipality of York,-45.0,-35.0,201.0,-73.0,-83.0,26.0
596,2020-10-13,Ontario,Regional Municipality of York,-21.0,8.0,140.0,-55.0,-45.0,17.0
597,2020-10-14,Ontario,Regional Municipality of York,-18.0,5.0,128.0,-55.0,-44.0,18.0
598,2020-10-15,Ontario,Regional Municipality of York,-23.0,-1.0,13.0,-59.0,-44.0,19.0
599,2020-10-16,Ontario,Regional Municipality of York,-19.0,4.0,97.0,-52.0,-40.0,17.0
600,2020-10-17,Ontario,Regional Municipality of York,-17.0,8.0,253.0,-33.0,-1.0,6.0
601,2020-10-18,Ontario,Regional Municipality of York,-20.0,-1.0,104.0,-47.0,-5.0,7.0
602,2020-10-19,Ontario,Regional Municipality of York,-27.0,-4.0,47.0,-58.0,-45.0,18.0
603,2020-10-20,Ontario,Regional Municipality of York,-26.0,3.0,91.0,-57.0,-45.0,18.0
604,2020-10-21,Ontario,Regional Municipality of York,-26.0,0.0,72.0,-59.0,-45.0,19.0
605,2020-10-22,Ontario,Regional Municipality of York,-26.0,2.0,59.0,-57.0,-43.0,19.0
606,2020-10-23,Ontario,Regional Municipality of York,-27.0,0.0,160.0,-51.0,-41.0,17.0
607,2020-10-24,Ontario,Regional Municipality of York,-27.0,5.0,142.0,-38.0,-5.0,8.0
608,2020-10-25,Ontario,Regional Municipality of York,-29.0,-1.0,127.0,-45.0,-8.0,7.0
609,2020-10-26,Ontario,Regional Municipality of York,-26.0,-2.0,62.0,-58.0,-44.0,18.0
610,2020-10-27,Ontario,Regional Municipality of York,-30.0,-2.0,15.0,-58.0,-44.0,19.0
611,2020-10-28,Ontario,Regional Municipality of York,-23.0,4.0,92.0,-56.0,-44.0,18.0
612,2020-10-29,Ontario,Regional Municipality of York,-25.0,4.0,34.0,-58.0,-43.0,19.0
613,2020-10-30,Ontario,Regional Municipality of York,-27.0,3.0,22.0,-55.0,-41.0,18.0
614,2020-10-31,Ontario,Regional Municipality of York,-26.0,9.0,138.0,-33.0,-5.0,7.0
615,2020-07-01,Ontario,Toronto Division,-56.0,-46.0,220.0,-66.0,-76.0,21.0
616,2020-07-02,Ontario,Toronto Division,-31.0,3.0,82.0,-57.0,-56.0,18.0
617,2020-07-03,Ontario,Toronto Division,-35.0,-4.0,92.0,-55.0,-57.0,18.0
618,2020-07-04,Ontario,Toronto Division,-36.0,-10.0,141.0,-39.0,-15.0,5.0
619,2020-07-05,Ontario,Toronto Division,-35.0,-14.0,129.0,-40.0,-13.0,3.0
620,2020-07-06,Ontario,Toronto Division,-33.0,-6.0,100.0,-57.0,-55.0,17.0
621,2020-07-07,Ontario,Toronto Division,-34.0,-6.0,95.0,-56.0,-55.0,17.0
622,2020-07-08,Ontario,Toronto Division,-34.0,-9.0,68.0,-57.0,-55.0,18.0
623,2020-07-09,Ontario,Toronto Division,-33.0,-2.0,87.0,-56.0,-54.0,18.0
624,2020-07-10,Ontario,Toronto Division,-36.0,-7.0,79.0,-55.0,-53.0,18.0
625,2020-07-11,Ontario,Toronto Division,-38.0,-11.0,30.0,-44.0,-15.0,8.0
626,2020-07-12,Ontario,Toronto Division,-32.0,-10.0,131.0,-37.0,-11.0,3.0
627,2020-07-13,Ontario,Toronto Division,-34.0,-8.0,86.0,-57.0,-54.0,17.0
628,2020-07-14,Ontario,Toronto Division,-33.0,-6.0,109.0,-56.0,-54.0,17.0
629,2020-07-15,Ontario,Toronto Division,-32.0,-8.0,101.0,-56.0,-53.0,17.0
630,2020-07-16,Ontario,Toronto Division,-36.0,-6.0,22.0,-59.0,-53.0,19.0
631,2020-07-17,Ontario,Toronto Division,-34.0,-5.0,109.0,-52.0,-52.0,16.0
632,2020-07-18,Ontario,Toronto Division,-34.0,-9.0,147.0,-35.0,-11.0,4.0
633,2020-07-19,Ontario,Toronto Division,-38.0,-16.0,66.0,-45.0,-15.0,4.0
634,2020-07-20,Ontario,Toronto Division,-31.0,-6.0,109.0,-56.0,-53.0,16.0
635,2020-07-21,Ontario,Toronto Division,-32.0,-5.0,110.0,-56.0,-52.0,16.0
636,2020-07-22,Ontario,Toronto Division,-36.0,-12.0,24.0,-59.0,-54.0,19.0
637,2020-07-23,Ontario,Toronto Division,-31.0,-2.0,105.0,-55.0,-52.0,17.0
638,2020-07-24,Ontario,Toronto Division,-34.0,-7.0,106.0,-53.0,-51.0,16.0
639,2020-07-25,Ontario,Toronto Division,-33.0,-9.0,156.0,-35.0,-12.0,3.0
640,2020-07-26,Ontario,Toronto Division,-33.0,-13.0,130.0,-37.0,-12.0,2.0
641,2020-07-27,Ontario,Toronto Division,-35.0,-10.0,60.0,-58.0,-54.0,17.0
642,2020-07-28,Ontario,Toronto Division,-32.0,-5.0,104.0,-55.0,-53.0,16.0
643,2020-07-29,Ontario,Toronto Division,-30.0,-7.0,85.0,-56.0,-54.0,17.0
644,2020-07-30,Ontario,Toronto Division,-28.0,-1.0,101.0,-54.0,-53.0,16.0
645,2020-07-31,Ontario,Toronto Division,-29.0,-4.0,105.0,-51.0,-52.0,14.0
646,2020-08-01,Ontario,Toronto Division,-32.0,-12.0,135.0,-34.0,-14.0,2.0
647,2020-08-02,Ontario,Toronto Division,-33.0,-16.0,23.0,-45.0,-18.0,4.0
648,2020-08-03,Ontario,Toronto Division,-43.0,-31.0,85.0,-69.0,-77.0,20.0
649,2020-08-04,Ontario,Toronto Division,-32.0,-7.0,13.0,-57.0,-55.0,17.0
650,2020-08-05,Ontario,Toronto Division,-26.0,-5.0,103.0,-53.0,-53.0,16.0
651,2020-08-06,Ontario,Toronto Division,-26.0,-3.0,111.0,-53.0,-52.0,16.0
652,2020-08-07,Ontario,Toronto Division,-30.0,-9.0,104.0,-51.0,-51.0,15.0
653,2020-08-08,Ontario,Toronto Division,-28.0,-11.0,162.0,-32.0,-10.0,2.0
654,2020-08-09,Ontario,Toronto Division,-28.0,-15.0,128.0,-35.0,-11.0,1.0
655,2020-08-10,Ontario,Toronto Division,-29.0,-11.0,91.0,-56.0,-53.0,15.0
656,2020-08-11,Ontario,Toronto Division,-29.0,-9.0,89.0,-55.0,-53.0,16.0
657,2020-08-12,Ontario,Toronto Division,-27.0,-10.0,102.0,-54.0,-53.0,16.0
658,2020-08-13,Ontario,Toronto Division,-27.0,-7.0,104.0,-53.0,-52.0,16.0
659,2020-08-14,Ontario,Toronto Division,-29.0,-10.0,100.0,-50.0,-51.0,14.0
660,2020-08-15,Ontario,Toronto Division,-27.0,-12.0,155.0,-31.0,-11.0,1.0
661,2020-08-16,Ontario,Toronto Division,-27.0,-15.0,79.0,-38.0,-13.0,2.0
662,2020-08-17,Ontario,Toronto Division,-31.0,-15.0,49.0,-56.0,-54.0,16.0
663,2020-08-18,Ontario,Toronto Division,-27.0,-9.0,93.0,-53.0,-52.0,15.0
664,2020-08-19,Ontario,Toronto Division,-27.0,-11.0,92.0,-53.0,-52.0,15.0
665,2020-08-20,Ontario,Toronto Division,-25.0,-4.0,106.0,-52.0,-51.0,15.0
666,2020-08-21,Ontario,Toronto Division,-29.0,-8.0,87.0,-50.0,-50.0,14.0
667,2020-08-22,Ontario,Toronto Division,-27.0,-11.0,141.0,-30.0,-9.0,2.0
668,2020-08-23,Ontario,Toronto Division,-26.0,-14.0,122.0,-33.0,-10.0,0.0
669,2020-08-24,Ontario,Toronto Division,-28.0,-10.0,86.0,-54.0,-52.0,15.0
670,2020-08-25,Ontario,Toronto Division,-26.0,-7.0,103.0,-52.0,-52.0,14.0
671,2020-08-26,Ontario,Toronto Division,-28.0,-12.0,49.0,-54.0,-51.0,16.0
672,2020-08-27,Ontario,Toronto Division,-26.0,-5.0,80.0,-52.0,-50.0,15.0
673,2020-08-28,Ontario,Toronto Division,-28.0,-8.0,79.0,-49.0,-50.0,14.0
674,2020-08-29,Ontario,Toronto Division,-26.0,-8.0,103.0,-32.0,-10.0,3.0
675,2020-08-30,Ontario,Toronto Division,-22.0,-11.0,142.0,-28.0,-9.0,0.0
676,2020-08-31,Ontario,Toronto Division,-24.0,-7.0,92.0,-51.0,-52.0,13.0
677,2020-09-01,Ontario,Toronto Division,-25.0,-6.0,95.0,-50.0,-52.0,14.0
678,2020-09-02,Ontario,Toronto Division,-25.0,-8.0,62.0,-53.0,-52.0,15.0
679,2020-09-03,Ontario,Toronto Division,-23.0,-4.0,92.0,-50.0,-50.0,14.0
680,2020-09-04,Ontario,Toronto Division,-24.0,-5.0,82.0,-48.0,-50.0,13.0
681,2020-09-05,Ontario,Toronto Division,-26.0,-11.0,100.0,-33.0,-12.0,2.0
682,2020-09-06,Ontario,Toronto Division,-19.0,-9.0,138.0,-28.0,-12.0,-1.0
683,2020-09-07,Ontario,Toronto Division,-53.0,-48.0,67.0,-71.0,-81.0,21.0
684,2020-09-08,Ontario,Toronto Division,-25.0,1.0,33.0,-53.0,-52.0,14.0
685,2020-09-09,Ontario,Toronto Division,-27.0,-7.0,43.0,-53.0,-51.0,15.0
686,2020-09-10,Ontario,Toronto Division,-25.0,-3.0,60.0,-51.0,-49.0,15.0
687,2020-09-11,Ontario,Toronto Division,-26.0,-7.0,68.0,-48.0,-48.0,14.0
688,2020-09-12,Ontario,Toronto Division,-22.0,-6.0,125.0,-30.0,-6.0,3.0
689,2020-09-13,Ontario,Toronto Division,-23.0,-10.0,85.0,-34.0,-10.0,3.0
690,2020-09-14,Ontario,Toronto Division,-26.0,-7.0,57.0,-53.0,-48.0,15.0
691,2020-09-15,Ontario,Toronto Division,-25.0,-6.0,63.0,-52.0,-48.0,15.0
692,2020-09-16,Ontario,Toronto Division,-26.0,-10.0,74.0,-51.0,-49.0,15.0
693,2020-09-17,Ontario,Toronto Division,-27.0,-5.0,60.0,-51.0,-48.0,15.0
694,2020-09-18,Ontario,Toronto Division,-28.0,-9.0,46.0,-49.0,-47.0,14.0
695,2020-09-19,Ontario,Toronto Division,-24.0,-7.0,92.0,-33.0,-7.0,4.0
696,2020-09-20,Ontario,Toronto Division,-23.0,-9.0,99.0,-34.0,-9.0,3.0
697,2020-09-21,Ontario,Toronto Division,-29.0,-9.0,55.0,-53.0,-49.0,15.0
698,2020-09-22,Ontario,Toronto Division,-29.0,-7.0,59.0,-52.0,-49.0,15.0
699,2020-09-23,Ontario,Toronto Division,-29.0,-9.0,68.0,-52.0,-48.0,15.0
700,2020-09-24,Ontario,Toronto Division,-30.0,-6.0,37.0,-52.0,-47.0,16.0
701,2020-09-25,Ontario,Toronto Division,-30.0,-7.0,61.0,-49.0,-46.0,14.0
702,2020-09-26,Ontario,Toronto Division,-25.0,-6.0,115.0,-32.0,-4.0,3.0
703,2020-09-27,Ontario,Toronto Division,-25.0,-8.0,108.0,-34.0,-7.0,2.0
704,2020-09-28,Ontario,Toronto Division,-32.0,-8.0,50.0,-54.0,-48.0,15.0
705,2020-09-29,Ontario,Toronto Division,-31.0,-6.0,33.0,-53.0,-48.0,15.0
706,2020-09-30,Ontario,Toronto Division,-32.0,-9.0,0.0,-54.0,-48.0,17.0
707,2020-10-01,Ontario,Toronto Division,-29.0,-1.0,32.0,-53.0,-45.0,16.0
708,2020-10-02,Ontario,Toronto Division,-33.0,-8.0,14.0,-51.0,-45.0,16.0
709,2020-10-03,Ontario,Toronto Division,-28.0,-7.0,66.0,-36.0,-7.0,6.0
710,2020-10-04,Ontario,Toronto Division,-33.0,-12.0,-12.0,-43.0,-14.0,6.0
711,2020-10-05,Ontario,Toronto Division,-32.0,-5.0,36.0,-54.0,-47.0,16.0
712,2020-10-06,Ontario,Toronto Division,-33.0,-6.0,39.0,-53.0,-47.0,15.0
713,2020-10-07,Ontario,Toronto Division,-34.0,-9.0,12.0,-55.0,-47.0,17.0
714,2020-10-08,Ontario,Toronto Division,-33.0,-3.0,14.0,-53.0,-46.0,17.0
715,2020-10-09,Ontario,Toronto Division,-31.0,1.0,40.0,-50.0,-45.0,15.0
716,2020-10-10,Ontario,Toronto Division,-35.0,-4.0,68.0,-39.0,-9.0,5.0
717,2020-10-11,Ontario,Toronto Division,-34.0,-5.0,48.0,-40.0,-12.0,3.0
718,2020-10-12,Ontario,Toronto Division,-66.0,-54.0,52.0,-75.0,-82.0,24.0
719,2020-10-13,Ontario,Toronto Division,-36.0,-2.0,51.0,-53.0,-49.0,16.0
720,2020-10-14,Ontario,Toronto Division,-36.0,-8.0,36.0,-54.0,-47.0,17.0
721,2020-10-15,Ontario,Toronto Division,-41.0,-13.0,-30.0,-56.0,-48.0,20.0
722,2020-10-16,Ontario,Toronto Division,-36.0,-5.0,32.0,-51.0,-45.0,17.0
723,2020-10-17,Ontario,Toronto Division,-31.0,-5.0,91.0,-37.0,-8.0,6.0
724,2020-10-18,Ontario,Toronto Division,-35.0,-12.0,39.0,-42.0,-15.0,7.0
725,2020-10-19,Ontario,Toronto Division,-40.0,-13.0,-18.0,-57.0,-49.0,18.0
726,2020-10-20,Ontario,Toronto Division,-36.0,-7.0,25.0,-54.0,-48.0,17.0
727,2020-10-21,Ontario,Toronto Division,-38.0,-12.0,12.0,-55.0,-48.0,19.0
728,2020-10-22,Ontario,Toronto Division,-38.0,-7.0,5.0,-54.0,-46.0,19.0
729,2020-10-23,Ontario,Toronto Division,-35.0,-8.0,69.0,-50.0,-45.0,16.0
730,2020-10-24,Ontario,Toronto Division,-33.0,-5.0,49.0,-38.0,-9.0,7.0
731,2020-10-25,Ontario,Toronto Division,-34.0,-11.0,30.0,-41.0,-15.0,6.0
732,2020-10-26,Ontario,Toronto Division,-39.0,-11.0,0.0,-56.0,-48.0,17.0
733,2020-10-27,Ontario,Toronto Division,-41.0,-14.0,-18.0,-56.0,-48.0,18.0
734,2020-10-28,Ontario,Toronto Division,-34.0,-6.0,25.0,-54.0,-46.0,17.0
735,2020-10-29,Ontario,Toronto Division,-37.0,-7.0,-8.0,-55.0,-46.0,18.0
736,2020-10-30,Ontario,Toronto Division,-37.0,-6.0,-10.0,-53.0,-45.0,17.0
737,2020-10-31,Ontario,Toronto Division,-31.0,-2.0,47.0,-36.0,-8.0,6.0
